Occupation: ,Region,Count,,,,,,,,,,,,,,,,,,
Corporate managers and directors,South West,2586,,,,,,,,,,,,,,,,,,
Managers and directors in retail and wholesale,South West,21941,,,,,,,,,,,,,,,,,,
Managers and directors in other services,South West,24448,,,,,,,,,,,,,,,,,,
Managers and directors in public services,South West,429,,,,,,,,,,,,,,,,,,
Managers and directors of construction and building trades,South West,16835,,,,,,,,,,,,,,,,,,
Managers and directors in manufacturing,South West,1635,,,,,,,,,,,,,,,,,,
Managers and directors of hospitality and leisure services,South West,4925,,,,,,,,,,,,,,,,,,
"Managers and directors in health, education, and social care.",South West,1513,,,,,,,,,,,,,,,,,,
Managers and directors in hospitality and leisure.,South West,11565,,,,,,,,,,,,,,,,,,
"Managers and directors in agriculture, forestry, and fishing",South West,3380,,,,,,,,,,,,,,,,,,
Managers and directors in construction,South West,5767,,,,,,,,,,,,,,,,,,
Managers and directors in manufacturing,South West,17520,,,,,,,,,,,,,,,,,,
Financial managers and directors,South West,4199,,,,,,,,,,,,,,,,,,
Business service and management professionals,South West,16604,,,,,,,,,,,,,,,,,,
Marketing and sales directors,South West,19804,,,,,,,,,,,,,,,,,,
Human resources and industrial relations managers,South West,2494,,,,,,,,,,,,,,,,,,
Advertising and public relations directors,South West,1409,,,,,,,,,,,,,,,,,,
Policy and planning managers ,South West,2838,,,,,,,,,,,,,,,,,,
Social services managers and directors,South West,10345,,,,,,,,,,,,,,,,,,
Education managers and directors,South West,6659,,,,,,,,,,,,,,,,,,
Health services managers and directors ,South West,31204,,,,,,,,,,,,,,,,,Care services managers and directors,Managers and directors in other education.
Care services managers and directors,South West,653,,,,,,,,,,,,,,,,,,
Managers and directors in other education.,South West,8872,,,,,,,,,,,,,,,,,,
Business and public service professionals,South West,40311,,,,,,,,,,,,,,,,,,
Accountants and solicitors,South West,7913,,,,,,,,,,,,,,,,,,
Health professionals,South West,5557,,,,,,,,,,,,,,,,,,
Pharmacists ,South West,11493,,,,,,,,,,,,,,,,,,
Therapists,South West,8187,,,,,,,,,,,,,,,,,,
Chiropractors and acupuncturists ,South West,6016,,,,,,,,,,,,,,,,,,
Dental practitioners,South West,6607,,,,,,,,,,,,,,,,,,
Veterinarians,South West,7329,,,,,,,,,,,,,,,,,,
Social workers,South West,592,,,,,,,,,,,,,,,,,,
Psychoanalysts and psychologists,South West,5618,,,,,,,,,,,,,,,,,,
Other health and care professionals ,South West,2614,,,,,,,,,,,,,,,,,,
 Nurses,South West,13494,,,,,,,,,,,,,,,,,,
 Midwives,South West,1887,,,,,,,,,,,,,,,,,,
Paramedics,South West,8446,,,,,,,,,,,,,,,,,,
Secondary education teaching professionals,South West,4353,,,,,,,,,,,,,,,,,,
Primary and nursery education teaching professionals,South West,12383,,,,,,,,,,,,,,,,,,
Special needs education teaching professionals,South West,8240,,,,,,,,,,,,,,,,,,
Further education teaching professionals,South West,751,,,,,,,,,,,,,,,,,,
Medical practitioners,South West,16378,,,,,,,,,,,,,,,,,,
Pharmacists,South West,7919,,,,,,,,,,,,,,,,,,
Dental practitioners,South West,1641,,,,,,,,,,,,,,,,,,
Veterinary surgeons,South West,4982,,,,,,,,,,,,,,,,,,
Other health professionals,South West,10133,,,,,,,,,,,,,,,,,,
Occupational therapists,South West,22008,,,,,,,,,,,,,,,,,,
Physiotherapists,South West,2326,,,,,,,,,,,,,,,,,,
Radiographers,South West,12352,,,,,,,,,,,,,,,,,,
Speech and language therapists,South West,3658,,,,,,,,,,,,,,,,,,
Managers and directors in construction,South West,13304,,,,,,,,,,,,,,,,,,
Managers and directors in manufacturing,South West,9732,,,,,,,,,,,,,,,,,,
Managers and directors in transport and logistics,South West,27078,,,,,,,,,,,,,,,,,,
Managers and directors in retail,South West,20837,,,,,,,,,,,,,,,,,,
Caring and personal service occupations.,South West,8795,,,,,,,,,,,,,,,,,,
Sales and customer service occupations.,South West,14832,,,,,,,,,,,,,,,,,,
Skilled agricultural and related trades,South West,2228,,,,,,,,,,,,,,,,,,
Laboratory technicians,South West,9642,,,,,,,,,,,,,,,,,,
Agricultural and environmental technicians,South West,2838,,,,,,,,,,,,,,,,,,
"Science, engineering and technology professionals",South West,998,,,,,,,,,,,,,,,,,,
Quality control and planning engineers,South West,1240,,,,,,,,,,,,,,,,,,
"IT business analysts, architects and systems designers",South West,2855,,,,,,,,,,,,,,,,,,
Social workers,South West,19762,,,,,,,,,,,,,,,,,,
Youth and community workers,South West,3130,,,,,,,,,,,,,,,,,,
Probation officers,South West,72712,,,,,,,,,,,,,,,,,,
Psychologists ,South West,10867,,,,,,,,,,,,,,,,,,
Counselors,South West,5495,,,,,,,,,,,,,,,,,,
Speech and language therapist,South West,2237,,,,,,,,,,,,,,,,,,
Podiatrists,South West,301,,,,,,,,,,,,,,,,,,
Doctors,South West,961,,,,,,,,,,,,,,,,,,
Manufacturing engineers.,South West,12179,,,,,,,,,,,,,,,,,,
Quality control and planning engineers,South West,3076,,,,,,,,,,,,,,,,,,
Electrical engineers,South West,11788,,,,,,,,,,,,,,,,,,
Mechanical engineers,South West,9475,,,,,,,,,,,,,,,,,,
Civil engineers,South West,3711,,,,,,,,,,,,,,,,,,
Surveyors,South West,39206,,,,,,,,,,,,,,,,,,
Software professionals,South West,7543,,,,,,,,,,,,,,,,,,
Web and multimedia developers,South West,11294,,,,,,,,,,,,,,,,,,
Accountants.,South West,32157,,,,,,,,,,,,,,,,,,
Investment and securities analysts,South West,3127,,,,,,,,,,,,,,,,,,
Insurance and finance professionals,South West,19078,,,,,,,,,,,,,,,,,,
Corporate managers and directors,South East,8934,,,,,,,,,,,,,,,,,,
Managers and directors in retail and wholesale,South East,69608,,,,,,,,,,,,,,,,,,
Managers and directors in other services,South East,92832,,,,,,,,,,,,,,,,,,
Managers and directors in public services,South East,1734,,,,,,,,,,,,,,,,,,
Managers and directors of construction and building trades,South East,57528,,,,,,,,,,,,,,,,,,
Managers and directors in manufacturing,South East,3087,,,,,,,,,,,,,,,,,,
Managers and directors of hospitality and leisure services,South East,16010,,,,,,,,,,,,,,,,,,
"Managers and directors in health, education, and social care.",South East,4577,,,,,,,,,,,,,,,,,,
Managers and directors in hospitality and leisure.,South East,35902,,,,,,,,,,,,,,,,,,
"Managers and directors in agriculture, forestry, and fishing",South East,10175,,,,,,,,,,,,,,,,,,
Managers and directors in construction,South East,20784,,,,,,,,,,,,,,,,,,
Managers and directors in manufacturing,South East,60666,,,,,,,,,,,,,,,,,,
Financial managers and directors,South East,11502,,,,,,,,,,,,,,,,,,
Business service and management professionals,South East,49632,,,,,,,,,,,,,,,,,,
Marketing and sales directors,South East,68413,,,,,,,,,,,,,,,,,,
Human resources and industrial relations managers,South East,10186,,,,,,,,,,,,,,,,,,
Advertising and public relations directors,South East,4153,,,,,,,,,,,,,,,,,,
Policy and planning managers ,South East,7976,,,,,,,,,,,,,,,,,,
Social services managers and directors,South East,30984,,,,,,,,,,,,,,,,,,
Education managers and directors,South East,19172,,,,,,,,,,,,,,,,,,
Health services managers and directors ,South East,86792,,,,,,,,,,,,,,,,,,
Care services managers and directors,South East,2196,,,,,,,,,,,,,,,,,,
Managers and directors in other education.,South East,27879,,,,,,,,,,,,,,,,,,
Business and public service professionals,South East,115074,,,,,,,,,,,,,,,,,,
Accountants and solicitors,South East,23959,,,,,,,,,,,,,,,,,,
Health professionals,South East,27171,,,,,,,,,,,,,,,,,,
Pharmacists ,South East,37974,,,,,,,,,,,,,,,,,,
Therapists,South East,29289,,,,,,,,,,,,,,,,,,
Chiropractors and acupuncturists ,South East,21141,,,,,,,,,,,,,,,,,,
Dental practitioners,South East,20959,,,,,,,,,,,,,,,,,,
Veterinarians,South East,19898,,,,,,,,,,,,,,,,,,
Social workers,South East,1576,,,,,,,,,,,,,,,,,,
Psychoanalysts and psychologists,South East,16249,,,,,,,,,,,,,,,,,,
Other health and care professionals ,South East,10768,,,,,,,,,,,,,,,,,,
 Nurses,South East,31151,,,,,,,,,,,,,,,,,,
 Midwives,South East,5687,,,,,,,,,,,,,,,,,,
Paramedics,South East,23760,,,,,,,,,,,,,,,,,,
Secondary education teaching professionals,South East,14038,,,,,,,,,,,,,,,,,,
Primary and nursery education teaching professionals,South East,32380,,,,,,,,,,,,,,,,,,
Special needs education teaching professionals,South East,28477,,,,,,,,,,,,,,,,,,
Further education teaching professionals,South East,2002,,,,,,,,,,,,,,,,,,
Medical practitioners,South East,40999,,,,,,,,,,,,,,,,,,
Pharmacists,South East,29574,,,,,,,,,,,,,,,,,,
Dental practitioners,South East,6264,,,,,,,,,,,,,,,,,,
Veterinary surgeons,South East,15861,,,,,,,,,,,,,,,,,,
Other health professionals,South East,31197,,,,,,,,,,,,,,,,,,
Occupational therapists,South East,81162,,,,,,,,,,,,,,,,,,
Physiotherapists,South East,5856,,,,,,,,,,,,,,,,,,
Radiographers,South East,35586,,,,,,,,,,,,,,,,,,
Speech and language therapists,South East,10024,,,,,,,,,,,,,,,,,,
Managers and directors in construction,South East,43487,,,,,,,,,,,,,,,,,,
Managers and directors in manufacturing,South East,28657,,,,,,,,,,,,,,,,,,
Managers and directors in transport and logistics,South East,81349,,,,,,,,,,,,,,,,,,
Managers and directors in retail,South East,64377,,,,,,,,,,,,,,,,,,
Caring and personal service occupations.,South East,27114,,,,,,,,,,,,,,,,,,
Sales and customer service occupations.,South East,43327,,,,,,,,,,,,,,,,,,
Skilled agricultural and related trades,South East,4737,,,,,,,,,,,,,,,,,,
Laboratory technicians,South East,27590,,,,,,,,,,,,,,,,,,
Agricultural and environmental technicians,South East,6084,,,,,,,,,,,,,,,,,,
"Science, engineering and technology professionals",South East,4782,,,,,,,,,,,,,,,,,,
Quality control and planning engineers,South East,3140,,,,,,,,,,,,,,,,,,
"IT business analysts, architects and systems designers",South East,7665,,,,,,,,,,,,,,,,,,
Social workers,South East,63997,,,,,,,,,,,,,,,,,,
Youth and community workers,South East,8741,,,,,,,,,,,,,,,,,,
Probation officers,South East,190052,,,,,,,,,,,,,,,,,,
Psychologists ,South East,32009,,,,,,,,,,,,,,,,,,
Counselors,South East,15366,,,,,,,,,,,,,,,,,,
Speech and language therapist,South East,6884,,,,,,,,,,,,,,,,,,
Podiatrists,South East,1003,,,,,,,,,,,,,,,,,,
Doctors,South East,2741,,,,,,,,,,,,,,,,,,
Manufacturing engineers.,South East,38451,,,,,,,,,,,,,,,,,,
Quality control and planning engineers,South East,5762,,,,,,,,,,,,,,,,,,
Electrical engineers,South East,23263,,,,,,,,,,,,,,,,,,
Mechanical engineers,South East,20096,,,,,,,,,,,,,,,,,,
Civil engineers,South East,7788,,,,,,,,,,,,,,,,,,
Surveyors,South East,120346,,,,,,,,,,,,,,,,,,
Software professionals,South East,19802,,,,,,,,,,,,,,,,,,
Web and multimedia developers,South East,30199,,,,,,,,,,,,,,,,,,
Accountants.,South East,86433,,,,,,,,,,,,,,,,,,
Investment and securities analysts,South East,9787,,,,,,,,,,,,,,,,,,
nsurance and finance professionals,South East,74972,,,,,,,,,,,,,,,,,,
Corporate managers and directors,London,5935,,,,,,,,,,,,,,,,,,
Managers and directors in retail and wholesale,London,54014,,,,,,,,,,,,,,,,,,
Managers and directors in other services,London,64574,,,,,,,,,,,,,,,,,,
Managers and directors in public services,London,1370,,,,,,,,,,,,,,,,,,
Managers and directors of construction and building trades,London,41229,,,,,,,,,,,,,,,,,,
Managers and directors in manufacturing,London,3291,,,,,,,,,,,,,,,,,,
Managers and directors of hospitality and leisure services,London,10652,,,,,,,,,,,,,,,,,,
"Managers and directors in health, education, and social care.",London,4543,,,,,,,,,,,,,,,,,,
Managers and directors in hospitality and leisure.,London,25371,,,,,,,,,,,,,,,,,,
"Managers and directors in agriculture, forestry, and fishing",London,7179,,,,,,,,,,,,,,,,,,
Managers and directors in construction,London,15567,,,,,,,,,,,,,,,,,,
Managers and directors in manufacturing,London,41792,,,,,,,,,,,,,,,,,,
Financial managers and directors,London,7662,,,,,,,,,,,,,,,,,,
Business service and management professionals,London,32049,,,,,,,,,,,,,,,,,,
Marketing and sales directors,London,47703,,,,,,,,,,,,,,,,,,
Human resources and industrial relations managers,London,6975,,,,,,,,,,,,,,,,,,
Advertising and public relations directors,London,3386,,,,,,,,,,,,,,,,,,
Policy and planning managers ,London,6879,,,,,,,,,,,,,,,,,,
Social services managers and directors,London,21004,,,,,,,,,,,,,,,,,,
Education managers and directors,London,13694,,,,,,,,,,,,,,,,,,
Health services managers and directors ,London,55985,,,,,,,,,,,,,,,,,,
Care services managers and directors,London,1638,,,,,,,,,,,,,,,,,,
Managers and directors in other education.,London,18805,,,,,,,,,,,,,,,,,,
Business and public service professionals,London,84319,,,,,,,,,,,,,,,,,,
Accountants and solicitors,London,17984,,,,,,,,,,,,,,,,,,
Health professionals,London,16290,,,,,,,,,,,,,,,,,,
Pharmacists ,London,26414,,,,,,,,,,,,,,,,,,
Therapists,London,21509,,,,,,,,,,,,,,,,,,
Chiropractors and acupuncturists ,London,14745,,,,,,,,,,,,,,,,,,
Dental practitioners,London,14559,,,,,,,,,,,,,,,,,,
Veterinarians,London,14624,,,,,,,,,,,,,,,,,,
Social workers,London,1364,,,,,,,,,,,,,,,,,,
Psychoanalysts and psychologists,London,10639,,,,,,,,,,,,,,,,,,
Other health and care professionals ,London,6922,,,,,,,,,,,,,,,,,,
 Nurses,London,22207,,,,,,,,,,,,,,,,,,
 Midwives,London,4227,,,,,,,,,,,,,,,,,,
Paramedics,London,17589,,,,,,,,,,,,,,,,,,
Secondary education teaching professionals,London,9936,,,,,,,,,,,,,,,,,,
Primary and nursery education teaching professionals,London,26181,,,,,,,,,,,,,,,,,,
Special needs education teaching professionals,London,20326,,,,,,,,,,,,,,,,,,
Further education teaching professionals,London,1439,,,,,,,,,,,,,,,,,,
Medical practitioners,London,31870,,,,,,,,,,,,,,,,,,
Pharmacists,London,19153,,,,,,,,,,,,,,,,,,
Dental practitioners,London,4659,,,,,,,,,,,,,,,,,,
Veterinary surgeons,London,10939,,,,,,,,,,,,,,,,,,
Other health professionals,London,23033,,,,,,,,,,,,,,,,,,
Occupational therapists,London,56421,,,,,,,,,,,,,,,,,,
Physiotherapists,London,3654,,,,,,,,,,,,,,,,,,
Radiographers,London,24894,,,,,,,,,,,,,,,,,,
Speech and language therapists,London,6706,,,,,,,,,,,,,,,,,,
Managers and directors in construction,London,30710,,,,,,,,,,,,,,,,,,
Managers and directors in manufacturing,London,20897,,,,,,,,,,,,,,,,,,
Managers and directors in transport and logistics,London,58309,,,,,,,,,,,,,,,,,,
Managers and directors in retail,London,45300,,,,,,,,,,,,,,,,,,
Caring and personal service occupations.,London,21444,,,,,,,,,,,,,,,,,,
Sales and customer service occupations.,London,32410,,,,,,,,,,,,,,,,,,
Skilled agricultural and related trades,London,3886,,,,,,,,,,,,,,,,,,
Laboratory technicians,London,20440,,,,,,,,,,,,,,,,,,
Agricultural and environmental technicians,London,4800,,,,,,,,,,,,,,,,,,
"Science, engineering and technology professionals",London,3721,,,,,,,,,,,,,,,,,,
Quality control and planning engineers,London,3481,,,,,,,,,,,,,,,,,,
"IT business analysts, architects and systems designers",London,7549,,,,,,,,,,,,,,,,,,
Social workers,London,46411,,,,,,,,,,,,,,,,,,
Youth and community workers,London,7003,,,,,,,,,,,,,,,,,,
Probation officers,London,135621,,,,,,,,,,,,,,,,,,
Psychologists ,London,22788,,,,,,,,,,,,,,,,,,
Counselors,London,10857,,,,,,,,,,,,,,,,,,
Speech and language therapist,London,4753,,,,,,,,,,,,,,,,,,
Podiatrists,London,791,,,,,,,,,,,,,,,,,,
Doctors,London,2161,,,,,,,,,,,,,,,,,,
Manufacturing engineers.,London,35465,,,,,,,,,,,,,,,,,,
Quality control and planning engineers,London,5494,,,,,,,,,,,,,,,,,,
Electrical engineers,London,17900,,,,,,,,,,,,,,,,,,
Mechanical engineers,London,16446,,,,,,,,,,,,,,,,,,
Civil engineers,London,6819,,,,,,,,,,,,,,,,,,
Surveyors,London,92656,,,,,,,,,,,,,,,,,,
Software professionals,London,15169,,,,,,,,,,,,,,,,,,
Web and multimedia developers,London,32150,,,,,,,,,,,,,,,,,,
Accountants.,London,66939,,,,,,,,,,,,,,,,,,
Investment and securities analysts,London,7102,,,,,,,,,,,,,,,,,,
Insurance and finance professionals,London,64594,,,,,,,,,,,,,,,,,,
Corporate managers and directors,East of England,6177,,,,,,,,,,,,,,,,,,
Managers and directors in retail and wholesale,East of England,56053,,,,,,,,,,,,,,,,,,
Managers and directors in other services,East of England,62627,,,,,,,,,,,,,,,,,,
Managers and directors in public services,East of England,1698,,,,,,,,,,,,,,,,,,
Managers and directors of construction and building trades,East of England,39925,,,,,,,,,,,,,,,,,,
Managers and directors in manufacturing,East of England,4189,,,,,,,,,,,,,,,,,,
Managers and directors of hospitality and leisure services,East of England,9360,,,,,,,,,,,,,,,,,,
"Managers and directors in health, education, and social care.",East of England,5402,,,,,,,,,,,,,,,,,,
Managers and directors in hospitality and leisure.,East of England,21486,,,,,,,,,,,,,,,,,,
"Managers and directors in agriculture, forestry, and fishing",East of England,7070,,,,,,,,,,,,,,,,,,
Managers and directors in construction,East of England,17150,,,,,,,,,,,,,,,,,,
Managers and directors in manufacturing,East of England,40903,,,,,,,,,,,,,,,,,,
Financial managers and directors,East of England,6554,,,,,,,,,,,,,,,,,,
Business service and management professionals,East of England,35268,,,,,,,,,,,,,,,,,,
Marketing and sales directors,East of England,43332,,,,,,,,,,,,,,,,,,
Human resources and industrial relations managers,East of England,6570,,,,,,,,,,,,,,,,,,
Advertising and public relations directors,East of England,2937,,,,,,,,,,,,,,,,,,
Policy and planning managers ,East of England,5585,,,,,,,,,,,,,,,,,,
Social services managers and directors,East of England,16449,,,,,,,,,,,,,,,,,,
Education managers and directors,East of England,12077,,,,,,,,,,,,,,,,,,
Health services managers and directors ,East of England,50052,,,,,,,,,,,,,,,,,,
Care services managers and directors,East of England,1569,,,,,,,,,,,,,,,,,,
Managers and directors in other education.,East of England,15422,,,,,,,,,,,,,,,,,,
Business and public service professionals,East of England,75912,,,,,,,,,,,,,,,,,,
Accountants and solicitors,East of England,16980,,,,,,,,,,,,,,,,,,
Health professionals,East of England,11293,,,,,,,,,,,,,,,,,,
Pharmacists ,East of England,22326,,,,,,,,,,,,,,,,,,
Therapists,East of England,18379,,,,,,,,,,,,,,,,,,
Chiropractors and acupuncturists ,East of England,13334,,,,,,,,,,,,,,,,,,
Dental practitioners,East of England,13827,,,,,,,,,,,,,,,,,,
Veterinarians,East of England,11977,,,,,,,,,,,,,,,,,,
Social workers,East of England,1064,,,,,,,,,,,,,,,,,,
Psychoanalysts and psychologists,East of England,10622,,,,,,,,,,,,,,,,,,
Other health and care professionals ,East of England,5744,,,,,,,,,,,,,,,,,,
 Nurses,East of England,22972,,,,,,,,,,,,,,,,,,
 Midwives,East of England,3878,,,,,,,,,,,,,,,,,,
Paramedics,East of England,16120,,,,,,,,,,,,,,,,,,
Secondary education teaching professionals,East of England,8385,,,,,,,,,,,,,,,,,,
Primary and nursery education teaching professionals,East of England,18840,,,,,,,,,,,,,,,,,,
Special needs education teaching professionals,East of England,15039,,,,,,,,,,,,,,,,,,
Further education teaching professionals,East of England,1643,,,,,,,,,,,,,,,,,,
Medical practitioners,East of England,28070,,,,,,,,,,,,,,,,,,
Pharmacists,East of England,16177,,,,,,,,,,,,,,,,,,
Dental practitioners,East of England,5023,,,,,,,,,,,,,,,,,,
Veterinary surgeons,East of England,10785,,,,,,,,,,,,,,,,,,
Other health professionals,East of England,18944,,,,,,,,,,,,,,,,,,
Occupational therapists,East of England,56665,,,,,,,,,,,,,,,,,,
Physiotherapists,East of England,3168,,,,,,,,,,,,,,,,,,
Radiographers,East of England,23473,,,,,,,,,,,,,,,,,,
Speech and language therapists,East of England,6658,,,,,,,,,,,,,,,,,,
Managers and directors in construction,East of England,28499,,,,,,,,,,,,,,,,,,
Managers and directors in manufacturing,East of England,19248,,,,,,,,,,,,,,,,,,
Managers and directors in transport and logistics,East of England,58327,,,,,,,,,,,,,,,,,,
Managers and directors in retail,East of England,42002,,,,,,,,,,,,,,,,,,
Caring and personal service occupations.,East of England,20694,,,,,,,,,,,,,,,,,,
Sales and customer service occupations.,East of England,29473,,,,,,,,,,,,,,,,,,
Skilled agricultural and related trades,East of England,3780,,,,,,,,,,,,,,,,,,
Laboratory technicians,East of England,17445,,,,,,,,,,,,,,,,,,
Agricultural and environmental technicians,East of England,4523,,,,,,,,,,,,,,,,,,
"Science, engineering and technology professionals",East of England,5518,,,,,,,,,,,,,,,,,,
Quality control and planning engineers,East of England,3570,,,,,,,,,,,,,,,,,,
"IT business analysts, architects and systems designers",East of England,6620,,,,,,,,,,,,,,,,,,
Social workers,East of England,42282,,,,,,,,,,,,,,,,,,
Youth and community workers,East of England,7393,,,,,,,,,,,,,,,,,,
Probation officers,East of England,121041,,,,,,,,,,,,,,,,,,
Psychologists ,East of England,20561,,,,,,,,,,,,,,,,,,
Counselors,East of England,10978,,,,,,,,,,,,,,,,,,
Speech and language therapist,East of England,3928,,,,,,,,,,,,,,,,,,
Podiatrists,East of England,388,,,,,,,,,,,,,,,,,,
Doctors,East of England,1733,,,,,,,,,,,,,,,,,,
Manufacturing engineers.,East of England,39498,,,,,,,,,,,,,,,,,,
Quality control and planning engineers,East of England,5203,,,,,,,,,,,,,,,,,,
Electrical engineers,East of England,22418,,,,,,,,,,,,,,,,,,
Mechanical engineers,East of England,13977,,,,,,,,,,,,,,,,,,
Civil engineers,East of England,7903,,,,,,,,,,,,,,,,,,
Surveyors,East of England,82231,,,,,,,,,,,,,,,,,,
Software professionals,East of England,15207,,,,,,,,,,,,,,,,,,
Web and multimedia developers,East of England,32983,,,,,,,,,,,,,,,,,,
Accountants.,East of England,57064,,,,,,,,,,,,,,,,,,
Investment and securities analysts,East of England,6835,,,,,,,,,,,,,,,,,,
nsurance and finance professionals,East of England,81127,,,,,,,,,,,,,,,,,,
Corporate managers and directors,East Midlands,6798,,,,,,,,,,,,,,,,,,
Managers and directors in retail and wholesale,East Midlands,60717,,,,,,,,,,,,,,,,,,
Managers and directors in other services,East Midlands,72494,,,,,,,,,,,,,,,,,,
Managers and directors in public services,East Midlands,1638,,,,,,,,,,,,,,,,,,
Managers and directors of construction and building trades,East Midlands,44749,,,,,,,,,,,,,,,,,,
Managers and directors in manufacturing,East Midlands,3159,,,,,,,,,,,,,,,,,,
Managers and directors of hospitality and leisure services,East Midlands,10655,,,,,,,,,,,,,,,,,,
"Managers and directors in health, education, and social care.",East Midlands,5325,,,,,,,,,,,,,,,,,,
Managers and directors in hospitality and leisure.,East Midlands,24599,,,,,,,,,,,,,,,,,,
"Managers and directors in agriculture, forestry, and fishing",East Midlands,8415,,,,,,,,,,,,,,,,,,
Managers and directors in construction,East Midlands,18351,,,,,,,,,,,,,,,,,,
Managers and directors in manufacturing,East Midlands,47169,,,,,,,,,,,,,,,,,,
Financial managers and directors,East Midlands,7000,,,,,,,,,,,,,,,,,,
Business service and management professionals,East Midlands,41161,,,,,,,,,,,,,,,,,,
Marketing and sales directors,East Midlands,54009,,,,,,,,,,,,,,,,,,
Human resources and industrial relations managers,East Midlands,6550,,,,,,,,,,,,,,,,,,
Advertising and public relations directors,East Midlands,3158,,,,,,,,,,,,,,,,,,
Policy and planning managers ,East Midlands,5705,,,,,,,,,,,,,,,,,,
Social services managers and directors,East Midlands,21852,,,,,,,,,,,,,,,,,,
Education managers and directors,East Midlands,13796,,,,,,,,,,,,,,,,,,
Health services managers and directors ,East Midlands,62249,,,,,,,,,,,,,,,,,,
Care services managers and directors,East Midlands,1786,,,,,,,,,,,,,,,,,,
Managers and directors in other education.,East Midlands,21322,,,,,,,,,,,,,,,,,,
Business and public service professionals,East Midlands,92496,,,,,,,,,,,,,,,,,,
Accountants and solicitors,East Midlands,19502,,,,,,,,,,,,,,,,,,
Health professionals,East Midlands,15189,,,,,,,,,,,,,,,,,,
Pharmacists ,East Midlands,29392,,,,,,,,,,,,,,,,,,
Therapists,East Midlands,22108,,,,,,,,,,,,,,,,,,
Chiropractors and acupuncturists ,East Midlands,15428,,,,,,,,,,,,,,,,,,
Dental practitioners,East Midlands,15930,,,,,,,,,,,,,,,,,,
Veterinarians,East Midlands,15185,,,,,,,,,,,,,,,,,,
Social workers,East Midlands,1320,,,,,,,,,,,,,,,,,,
Psychoanalysts and psychologists,East Midlands,12848,,,,,,,,,,,,,,,,,,
Other health and care professionals ,East Midlands,6595,,,,,,,,,,,,,,,,,,
 Nurses,East Midlands,24406,,,,,,,,,,,,,,,,,,
 Midwives,East Midlands,4666,,,,,,,,,,,,,,,,,,
Paramedics,East Midlands,18992,,,,,,,,,,,,,,,,,,
Secondary education teaching professionals,East Midlands,9746,,,,,,,,,,,,,,,,,,
Primary and nursery education teaching professionals,East Midlands,23112,,,,,,,,,,,,,,,,,,
Special needs education teaching professionals,East Midlands,19930,,,,,,,,,,,,,,,,,,
Further education teaching professionals,East Midlands,1841,,,,,,,,,,,,,,,,,,
Medical practitioners,East Midlands,31263,,,,,,,,,,,,,,,,,,
Pharmacists,East Midlands,18768,,,,,,,,,,,,,,,,,,
Dental practitioners,East Midlands,4388,,,,,,,,,,,,,,,,,,
Veterinary surgeons,East Midlands,11273,,,,,,,,,,,,,,,,,,
Other health professionals,East Midlands,23022,,,,,,,,,,,,,,,,,,
Occupational therapists,East Midlands,63138,,,,,,,,,,,,,,,,,,
Physiotherapists,East Midlands,3370,,,,,,,,,,,,,,,,,,
Radiographers,East Midlands,27904,,,,,,,,,,,,,,,,,,
Speech and language therapists,East Midlands,6829,,,,,,,,,,,,,,,,,,
Managers and directors in construction,East Midlands,33950,,,,,,,,,,,,,,,,,,
Managers and directors in manufacturing,East Midlands,22106,,,,,,,,,,,,,,,,,,
Managers and directors in transport and logistics,East Midlands,67515,,,,,,,,,,,,,,,,,,
Managers and directors in retail,East Midlands,50907,,,,,,,,,,,,,,,,,,
Caring and personal service occupations.,East Midlands,23723,,,,,,,,,,,,,,,,,,
Sales and customer service occupations.,East Midlands,34219,,,,,,,,,,,,,,,,,,
Skilled agricultural and related trades,East Midlands,4031,,,,,,,,,,,,,,,,,,
Laboratory technicians,East Midlands,19897,,,,,,,,,,,,,,,,,,
Agricultural and environmental technicians,East Midlands,4956,,,,,,,,,,,,,,,,,,
"Science, engineering and technology professionals",East Midlands,3875,,,,,,,,,,,,,,,,,,
Quality control and planning engineers,East Midlands,2157,,,,,,,,,,,,,,,,,,
"IT business analysts, architects and systems designers",East Midlands,8147,,,,,,,,,,,,,,,,,,
Social workers,East Midlands,47331,,,,,,,,,,,,,,,,,,
Youth and community workers,East Midlands,6872,,,,,,,,,,,,,,,,,,
Probation officers,East Midlands,146983,,,,,,,,,,,,,,,,,,
Psychologists ,East Midlands,22738,,,,,,,,,,,,,,,,,,
Counselors,East Midlands,11920,,,,,,,,,,,,,,,,,,
Speech and language therapist,East Midlands,5157,,,,,,,,,,,,,,,,,,
Podiatrists,East Midlands,406,,,,,,,,,,,,,,,,,,
Doctors,East Midlands,2016,,,,,,,,,,,,,,,,,,
Manufacturing engineers.,East Midlands,26975,,,,,,,,,,,,,,,,,,
Quality control and planning engineers,East Midlands,9927,,,,,,,,,,,,,,,,,,
Electrical engineers,East Midlands,30530,,,,,,,,,,,,,,,,,,
Mechanical engineers,East Midlands,16102,,,,,,,,,,,,,,,,,,
Civil engineers,East Midlands,8054,,,,,,,,,,,,,,,,,,
Surveyors,East Midlands,102646,,,,,,,,,,,,,,,,,,
Software professionals,East Midlands,17256,,,,,,,,,,,,,,,,,,
Web and multimedia developers,East Midlands,31632,,,,,,,,,,,,,,,,,,
Accountants.,East Midlands,68652,,,,,,,,,,,,,,,,,,
Investment and securities analysts,East Midlands,7685,,,,,,,,,,,,,,,,,,
nsurance and finance professionals,East Midlands,83972,,,,,,,,,,,,,,,,,,
Corporate managers and directors,West Midlands,13604,,,,,,,,,,,,,,,,,,
Managers and directors in retail and wholesale,West Midlands,75984,,,,,,,,,,,,,,,,,,
Managers and directors in other services,West Midlands,115691,,,,,,,,,,,,,,,,,,
Managers and directors in public services,West Midlands,2082,,,,,,,,,,,,,,,,,,
Managers and directors of construction and building trades,West Midlands,52343,,,,,,,,,,,,,,,,,,
Managers and directors in manufacturing,West Midlands,5358,,,,,,,,,,,,,,,,,,
Managers and directors of hospitality and leisure services,West Midlands,13045,,,,,,,,,,,,,,,,,,
"Managers and directors in health, education, and social care.",West Midlands,7942,,,,,,,,,,,,,,,,,,
Managers and directors in hospitality and leisure.,West Midlands,29626,,,,,,,,,,,,,,,,,,
"Managers and directors in agriculture, forestry, and fishing",West Midlands,9246,,,,,,,,,,,,,,,,,,
Managers and directors in construction,West Midlands,21298,,,,,,,,,,,,,,,,,,
Managers and directors in manufacturing,West Midlands,67694,,,,,,,,,,,,,,,,,,
Financial managers and directors,West Midlands,14028,,,,,,,,,,,,,,,,,,
Business service and management professionals,West Midlands,40542,,,,,,,,,,,,,,,,,,
Marketing and sales directors,West Midlands,77560,,,,,,,,,,,,,,,,,,
Human resources and industrial relations managers,West Midlands,9814,,,,,,,,,,,,,,,,,,
Advertising and public relations directors,West Midlands,4143,,,,,,,,,,,,,,,,,,
Policy and planning managers ,West Midlands,10512,,,,,,,,,,,,,,,,,,
Social services managers and directors,West Midlands,21640,,,,,,,,,,,,,,,,,,
Education managers and directors,West Midlands,17231,,,,,,,,,,,,,,,,,,
Health services managers and directors ,West Midlands,64092,,,,,,,,,,,,,,,,,,
Care services managers and directors,West Midlands,2500,,,,,,,,,,,,,,,,,,
Managers and directors in other education.,West Midlands,20295,,,,,,,,,,,,,,,,,,
Business and public service professionals,West Midlands,101726,,,,,,,,,,,,,,,,,,
Accountants and solicitors,West Midlands,22239,,,,,,,,,,,,,,,,,,
Health professionals,West Midlands,19942,,,,,,,,,,,,,,,,,,
Pharmacists ,West Midlands,41321,,,,,,,,,,,,,,,,,,
Therapists,West Midlands,34685,,,,,,,,,,,,,,,,,,
Chiropractors and acupuncturists ,West Midlands,21874,,,,,,,,,,,,,,,,,,
Dental practitioners,West Midlands,23428,,,,,,,,,,,,,,,,,,
Veterinarians,West Midlands,15155,,,,,,,,,,,,,,,,,,
Social workers,West Midlands,2194,,,,,,,,,,,,,,,,,,
Psychoanalysts and psychologists,West Midlands,14880,,,,,,,,,,,,,,,,,,
Other health and care professionals ,West Midlands,13561,,,,,,,,,,,,,,,,,,
 Nurses,West Midlands,29098,,,,,,,,,,,,,,,,,,
 Midwives,West Midlands,5356,,,,,,,,,,,,,,,,,,
Paramedics,West Midlands,23593,,,,,,,,,,,,,,,,,,
Secondary education teaching professionals,West Midlands,11514,,,,,,,,,,,,,,,,,,
Primary and nursery education teaching professionals,West Midlands,24434,,,,,,,,,,,,,,,,,,
Special needs education teaching professionals,West Midlands,21927,,,,,,,,,,,,,,,,,,
Further education teaching professionals,West Midlands,2645,,,,,,,,,,,,,,,,,,
Medical practitioners,West Midlands,44611,,,,,,,,,,,,,,,,,,
Pharmacists,West Midlands,30656,,,,,,,,,,,,,,,,,,
Dental practitioners,West Midlands,6607,,,,,,,,,,,,,,,,,,
Veterinary surgeons,West Midlands,16312,,,,,,,,,,,,,,,,,,
Other health professionals,West Midlands,28213,,,,,,,,,,,,,,,,,,
Occupational therapists,West Midlands,78684,,,,,,,,,,,,,,,,,,
Physiotherapists,West Midlands,4006,,,,,,,,,,,,,,,,,,
Radiographers,West Midlands,31808,,,,,,,,,,,,,,,,,,
Speech and language therapists,West Midlands,7961,,,,,,,,,,,,,,,,,,
Managers and directors in construction,West Midlands,41690,,,,,,,,,,,,,,,,,,
Managers and directors in manufacturing,West Midlands,27327,,,,,,,,,,,,,,,,,,
Managers and directors in transport and logistics,West Midlands,78617,,,,,,,,,,,,,,,,,,
Managers and directors in retail,West Midlands,69644,,,,,,,,,,,,,,,,,,
Caring and personal service occupations.,West Midlands,26694,,,,,,,,,,,,,,,,,,
Sales and customer service occupations.,West Midlands,43168,,,,,,,,,,,,,,,,,,
Skilled agricultural and related trades,West Midlands,4691,,,,,,,,,,,,,,,,,,
Laboratory technicians,West Midlands,26190,,,,,,,,,,,,,,,,,,
Agricultural and environmental technicians,West Midlands,7076,,,,,,,,,,,,,,,,,,
"Science, engineering and technology professionals",West Midlands,3370,,,,,,,,,,,,,,,,,,
Quality control and planning engineers,West Midlands,3850,,,,,,,,,,,,,,,,,,
"IT business analysts, architects and systems designers",West Midlands,7672,,,,,,,,,,,,,,,,,,
Social workers,West Midlands,60530,,,,,,,,,,,,,,,,,,
Youth and community workers,West Midlands,11527,,,,,,,,,,,,,,,,,,
Probation officers,West Midlands,139882,,,,,,,,,,,,,,,,,,
Psychologists ,West Midlands,28347,,,,,,,,,,,,,,,,,,
Counselors,West Midlands,14405,,,,,,,,,,,,,,,,,,
Speech and language therapist,West Midlands,5815,,,,,,,,,,,,,,,,,,
Podiatrists,West Midlands,594,,,,,,,,,,,,,,,,,,
Doctors,West Midlands,1821,,,,,,,,,,,,,,,,,,
Manufacturing engineers.,West Midlands,24218,,,,,,,,,,,,,,,,,,
Quality control and planning engineers,West Midlands,4028,,,,,,,,,,,,,,,,,,
Electrical engineers,West Midlands,17400,,,,,,,,,,,,,,,,,,
Mechanical engineers,West Midlands,19748,,,,,,,,,,,,,,,,,,
Civil engineers,West Midlands,5965,,,,,,,,,,,,,,,,,,
Surveyors,West Midlands,103675,,,,,,,,,,,,,,,,,,
Software professionals,West Midlands,18918,,,,,,,,,,,,,,,,,,
Web and multimedia developers,West Midlands,23168,,,,,,,,,,,,,,,,,,
Accountants.,West Midlands,73292,,,,,,,,,,,,,,,,,,
Investment and securities analysts,West Midlands,10208,,,,,,,,,,,,,,,,,,
nsurance and finance professionals,West Midlands,58127,,,,,,,,,,,,,,,,,,
Corporate managers and directors,North East,44600,,,,,,,,,,,,,,,,,,
Managers and directors in retail and wholesale,North East,66865,,,,,,,,,,,,,,,,,,
Managers and directors in other services,North East,235319,,,,,,,,,,,,,,,,,,
Managers and directors in public services,North East,1519,,,,,,,,,,,,,,,,,,
Managers and directors of construction and building trades,North East,68553,,,,,,,,,,,,,,,,,,
Managers and directors in manufacturing,North East,3111,,,,,,,,,,,,,,,,,,
Managers and directors of hospitality and leisure services,North East,19038,,,,,,,,,,,,,,,,,,
"Managers and directors in health, education, and social care.",North East,1667,,,,,,,,,,,,,,,,,,
Managers and directors in hospitality and leisure.,North East,50848,,,,,,,,,,,,,,,,,,
"Managers and directors in agriculture, forestry, and fishing",North East,8854,,,,,,,,,,,,,,,,,,
Managers and directors in construction,North East,18353,,,,,,,,,,,,,,,,,,
Managers and directors in manufacturing,North East,115678,,,,,,,,,,,,,,,,,,
Financial managers and directors,North East,14489,,,,,,,,,,,,,,,,,,
Business service and management professionals,North East,42788,,,,,,,,,,,,,,,,,,
Marketing and sales directors,North East,155085,,,,,,,,,,,,,,,,,,
Human resources and industrial relations managers,North East,25640,,,,,,,,,,,,,,,,,,
Advertising and public relations directors,North East,4912,,,,,,,,,,,,,,,,,,
Policy and planning managers ,North East,19427,,,,,,,,,,,,,,,,,,
Social services managers and directors,North East,48191,,,,,,,,,,,,,,,,,,
Education managers and directors,North East,31076,,,,,,,,,,,,,,,,,,
Health services managers and directors ,North East,81654,,,,,,,,,,,,,,,,,,
Care services managers and directors,North East,1397,,,,,,,,,,,,,,,,,,
Managers and directors in other education.,North East,34890,,,,,,,,,,,,,,,,,,
Business and public service professionals,North East,156523,,,,,,,,,,,,,,,,,,
Accountants and solicitors,North East,30151,,,,,,,,,,,,,,,,,,
Health professionals,North East,72795,,,,,,,,,,,,,,,,,,
Pharmacists ,North East,107502,,,,,,,,,,,,,,,,,,
Therapists,North East,110693,,,,,,,,,,,,,,,,,,
Chiropractors and acupuncturists ,North East,44795,,,,,,,,,,,,,,,,,,
Dental practitioners,North East,32886,,,,,,,,,,,,,,,,,,
Veterinarians,North East,22966,,,,,,,,,,,,,,,,,,
Social workers,North East,5067,,,,,,,,,,,,,,,,,,
Psychoanalysts and psychologists,North East,20358,,,,,,,,,,,,,,,,,,
Other health and care professionals ,North East,60113,,,,,,,,,,,,,,,,,,
 Nurses,North East,22765,,,,,,,,,,,,,,,,,,
 Midwives,North East,15354,,,,,,,,,,,,,,,,,,
Paramedics,North East,37386,,,,,,,,,,,,,,,,,,
Secondary education teaching professionals,North East,14818,,,,,,,,,,,,,,,,,,
Primary and nursery education teaching professionals,North East,35526,,,,,,,,,,,,,,,,,,
Special needs education teaching professionals,North East,31318,,,,,,,,,,,,,,,,,,
Further education teaching professionals,North East,1105,,,,,,,,,,,,,,,,,,
Medical practitioners,North East,33960,,,,,,,,,,,,,,,,,,
Pharmacists,North East,118002,,,,,,,,,,,,,,,,,,
Dental practitioners,North East,21824,,,,,,,,,,,,,,,,,,
Veterinary surgeons,North East,21764,,,,,,,,,,,,,,,,,,
Other health professionals,North East,51280,,,,,,,,,,,,,,,,,,
Occupational therapists,North East,147184,,,,,,,,,,,,,,,,,,
Physiotherapists,North East,7033,,,,,,,,,,,,,,,,,,
Radiographers,North East,48096,,,,,,,,,,,,,,,,,,
Speech and language therapists,North East,6264,,,,,,,,,,,,,,,,,,
Managers and directors in construction,North East,41329,,,,,,,,,,,,,,,,,,
Managers and directors in manufacturing,North East,32532,,,,,,,,,,,,,,,,,,
Managers and directors in transport and logistics,North East,89691,,,,,,,,,,,,,,,,,,
Managers and directors in retail,North East,93588,,,,,,,,,,,,,,,,,,
Caring and personal service occupations.,North East,14838,,,,,,,,,,,,,,,,,,
Sales and customer service occupations.,North East,42822,,,,,,,,,,,,,,,,,,
Skilled agricultural and related trades,North East,2404,,,,,,,,,,,,,,,,,,
Laboratory technicians,North East,34867,,,,,,,,,,,,,,,,,,
Agricultural and environmental technicians,North East,8349,,,,,,,,,,,,,,,,,,
"Science, engineering and technology professionals",North East,6573,,,,,,,,,,,,,,,,,,
Quality control and planning engineers,North East,3091,,,,,,,,,,,,,,,,,,
"IT business analysts, architects and systems designers",North East,6942,,,,,,,,,,,,,,,,,,
Social workers,North East,91854,,,,,,,,,,,,,,,,,,
Youth and community workers,North East,5384,,,,,,,,,,,,,,,,,,
Probation officers,North East,143580,,,,,,,,,,,,,,,,,,
Psychologists ,North East,33005,,,,,,,,,,,,,,,,,,
Counselors,North East,28932,,,,,,,,,,,,,,,,,,
Speech and language therapist,North East,10333,,,,,,,,,,,,,,,,,,
Podiatrists,North East,261,,,,,,,,,,,,,,,,,,
Doctors,North East,3334,,,,,,,,,,,,,,,,,,
Manufacturing engineers.,North East,12596,,,,,,,,,,,,,,,,,,
Quality control and planning engineers,North East,2102,,,,,,,,,,,,,,,,,,
Electrical engineers,North East,9448,,,,,,,,,,,,,,,,,,
Mechanical engineers,North East,24411,,,,,,,,,,,,,,,,,,
Civil engineers,North East,3038,,,,,,,,,,,,,,,,,,
Surveyors,North East,141053,,,,,,,,,,,,,,,,,,
Software professionals,North East,24963,,,,,,,,,,,,,,,,,,
Web and multimedia developers,North East,13783,,,,,,,,,,,,,,,,,,
Accountants.,North East,126155,,,,,,,,,,,,,,,,,,
Investment and securities analysts,North East,7721,,,,,,,,,,,,,,,,,,
nsurance and finance professionals,North East,40774,,,,,,,,,,,,,,,,,,
Corporate managers and directors,North West,27614,,,,,,,,,,,,,,,,,,
Managers and directors in retail and wholesale,North West,107582,,,,,,,,,,,,,,,,,,
Managers and directors in other services,North West,205136,,,,,,,,,,,,,,,,,,
Managers and directors in public services,North West,2718,,,,,,,,,,,,,,,,,,
Managers and directors of construction and building trades,North West,75502,,,,,,,,,,,,,,,,,,
Managers and directors in manufacturing,North West,10389,,,,,,,,,,,,,,,,,,
Managers and directors of hospitality and leisure services,North West,19860,,,,,,,,,,,,,,,,,,
"Managers and directors in health, education, and social care.",North West,9405,,,,,,,,,,,,,,,,,,
Managers and directors in hospitality and leisure.,North West,48986,,,,,,,,,,,,,,,,,,
"Managers and directors in agriculture, forestry, and fishing",North West,14505,,,,,,,,,,,,,,,,,,
Managers and directors in construction,North West,29866,,,,,,,,,,,,,,,,,,
Managers and directors in manufacturing,North West,113861,,,,,,,,,,,,,,,,,,
Financial managers and directors,North West,18927,,,,,,,,,,,,,,,,,,
Business service and management professionals,North West,63961,,,,,,,,,,,,,,,,,,
Marketing and sales directors,North West,142681,,,,,,,,,,,,,,,,,,
Human resources and industrial relations managers,North West,15903,,,,,,,,,,,,,,,,,,
Advertising and public relations directors,North West,6717,,,,,,,,,,,,,,,,,,
Policy and planning managers ,North West,16181,,,,,,,,,,,,,,,,,,
Social services managers and directors,North West,34439,,,,,,,,,,,,,,,,,,
Education managers and directors,North West,29959,,,,,,,,,,,,,,,,,,
Health services managers and directors ,North West,90733,,,,,,,,,,,,,,,,,,
Care services managers and directors,North West,3408,,,,,,,,,,,,,,,,,,
Managers and directors in other education.,North West,30254,,,,,,,,,,,,,,,,,,
Business and public service professionals,North West,159652,,,,,,,,,,,,,,,,,,
Accountants and solicitors,North West,35121,,,,,,,,,,,,,,,,,,
Health professionals,North West,31744,,,,,,,,,,,,,,,,,,
Pharmacists ,North West,64395,,,,,,,,,,,,,,,,,,
Therapists,North West,60644,,,,,,,,,,,,,,,,,,
Chiropractors and acupuncturists ,North West,37571,,,,,,,,,,,,,,,,,,
Dental practitioners,North West,33813,,,,,,,,,,,,,,,,,,
Veterinarians,North West,21572,,,,,,,,,,,,,,,,,,
Social workers,North West,3489,,,,,,,,,,,,,,,,,,
Psychoanalysts and psychologists,North West,22758,,,,,,,,,,,,,,,,,,
Other health and care professionals ,North West,24993,,,,,,,,,,,,,,,,,,
 Nurses,North West,40934,,,,,,,,,,,,,,,,,,
 Midwives,North West,8840,,,,,,,,,,,,,,,,,,
Paramedics,North West,38460,,,,,,,,,,,,,,,,,,
Secondary education teaching professionals,North West,16783,,,,,,,,,,,,,,,,,,
Primary and nursery education teaching professionals,North West,34418,,,,,,,,,,,,,,,,,,
Special needs education teaching professionals,North West,33104,,,,,,,,,,,,,,,,,,
Further education teaching professionals,North West,3703,,,,,,,,,,,,,,,,,,
Medical practitioners,North West,69489,,,,,,,,,,,,,,,,,,
Pharmacists,North West,56175,,,,,,,,,,,,,,,,,,
Dental practitioners,North West,11616,,,,,,,,,,,,,,,,,,
Veterinary surgeons,North West,26851,,,,,,,,,,,,,,,,,,
Other health professionals,North West,44472,,,,,,,,,,,,,,,,,,
Occupational therapists,North West,136042,,,,,,,,,,,,,,,,,,
Physiotherapists,North West,6577,,,,,,,,,,,,,,,,,,
Radiographers,North West,49969,,,,,,,,,,,,,,,,,,
Speech and language therapists,North West,11692,,,,,,,,,,,,,,,,,,
Managers and directors in construction,North West,54896,,,,,,,,,,,,,,,,,,
Managers and directors in manufacturing,North West,40469,,,,,,,,,,,,,,,,,,
Managers and directors in transport and logistics,North West,108134,,,,,,,,,,,,,,,,,,
Managers and directors in retail,North West,96754,,,,,,,,,,,,,,,,,,
Caring and personal service occupations.,North West,36281,,,,,,,,,,,,,,,,,,
Sales and customer service occupations.,North West,58858,,,,,,,,,,,,,,,,,,
Skilled agricultural and related trades,North West,6153,,,,,,,,,,,,,,,,,,
Laboratory technicians,North West,35580,,,,,,,,,,,,,,,,,,
Agricultural and environmental technicians,North West,8761,,,,,,,,,,,,,,,,,,
"Science, engineering and technology professionals",North West,5071,,,,,,,,,,,,,,,,,,
Quality control and planning engineers,North West,4283,,,,,,,,,,,,,,,,,,
"IT business analysts, architects and systems designers",North West,10913,,,,,,,,,,,,,,,,,,
Social workers,North West,91090,,,,,,,,,,,,,,,,,,
Youth and community workers,North West,16253,,,,,,,,,,,,,,,,,,
Probation officers,North West,201123,,,,,,,,,,,,,,,,,,
Psychologists ,North West,38745,,,,,,,,,,,,,,,,,,
Counselors,North West,23050,,,,,,,,,,,,,,,,,,
Speech and language therapist,North West,9352,,,,,,,,,,,,,,,,,,
Podiatrists,North West,896,,,,,,,,,,,,,,,,,,
Doctors,North West,3690,,,,,,,,,,,,,,,,,,
Manufacturing engineers.,North West,18932,,,,,,,,,,,,,,,,,,
Quality control and planning engineers,North West,4757,,,,,,,,,,,,,,,,,,
Electrical engineers,North West,23518,,,,,,,,,,,,,,,,,,
Mechanical engineers,North West,26391,,,,,,,,,,,,,,,,,,
Civil engineers,North West,6442,,,,,,,,,,,,,,,,,,
Surveyors,North West,129634,,,,,,,,,,,,,,,,,,
Software professionals,North West,26465,,,,,,,,,,,,,,,,,,
Web and multimedia developers,North West,20206,,,,,,,,,,,,,,,,,,
Accountants.,North West,101584,,,,,,,,,,,,,,,,,,
Investment and securities analysts,North West,13771,,,,,,,,,,,,,,,,,,
nsurance and finance professionals,North West,64262,,,,,,,,,,,,,,,,,,
Corporate managers and directors,Yorkshire,9635,,,,,,,,,,,,,,,,,,
Managers and directors in retail and wholesale,Yorkshire,60945,,,,,,,,,,,,,,,,,,
Managers and directors in other services,Yorkshire,80293,,,,,,,,,,,,,,,,,,
Managers and directors in public services,Yorkshire,1277,,,,,,,,,,,,,,,,,,
Managers and directors of construction and building trades,Yorkshire,45733,,,,,,,,,,,,,,,,,,
Managers and directors in manufacturing,Yorkshire,7996,,,,,,,,,,,,,,,,,,
Managers and directors of hospitality and leisure services,Yorkshire,11213,,,,,,,,,,,,,,,,,,
"Managers and directors in health, education, and social care.",Yorkshire,8334,,,,,,,,,,,,,,,,,,
Managers and directors in hospitality and leisure.,Yorkshire,36144,,,,,,,,,,,,,,,,,,
"Managers and directors in agriculture, forestry, and fishing",Yorkshire,9415,,,,,,,,,,,,,,,,,,
Managers and directors in construction,Yorkshire,15317,,,,,,,,,,,,,,,,,,
Managers and directors in manufacturing,Yorkshire,57866,,,,,,,,,,,,,,,,,,
Financial managers and directors,Yorkshire,8414,,,,,,,,,,,,,,,,,,
Business service and management professionals,Yorkshire,42719,,,,,,,,,,,,,,,,,,
Marketing and sales directors,Yorkshire,60947,,,,,,,,,,,,,,,,,,
Human resources and industrial relations managers,Yorkshire,9029,,,,,,,,,,,,,,,,,,
Advertising and public relations directors,Yorkshire,5417,,,,,,,,,,,,,,,,,,
Policy and planning managers ,Yorkshire,7088,,,,,,,,,,,,,,,,,,
Social services managers and directors,Yorkshire,21651,,,,,,,,,,,,,,,,,,
Education managers and directors,Yorkshire,18369,,,,,,,,,,,,,,,,,,
Health services managers and directors ,Yorkshire,60487,,,,,,,,,,,,,,,,,,
Care services managers and directors,Yorkshire,3152,,,,,,,,,,,,,,,,,,
Managers and directors in other education.,Yorkshire,19410,,,,,,,,,,,,,,,,,,
Business and public service professionals,Yorkshire,88132,,,,,,,,,,,,,,,,,,
Accountants and solicitors,Yorkshire,19649,,,,,,,,,,,,,,,,,,
Health professionals,Yorkshire,16821,,,,,,,,,,,,,,,,,,
Pharmacists ,Yorkshire,30927,,,,,,,,,,,,,,,,,,
Therapists,Yorkshire,26398,,,,,,,,,,,,,,,,,,
Chiropractors and acupuncturists ,Yorkshire,19229,,,,,,,,,,,,,,,,,,
Dental practitioners,Yorkshire,18140,,,,,,,,,,,,,,,,,,
Veterinarians,Yorkshire,13914,,,,,,,,,,,,,,,,,,
Social workers,Yorkshire,1881,,,,,,,,,,,,,,,,,,
Psychoanalysts and psychologists,Yorkshire,10986,,,,,,,,,,,,,,,,,,
Other health and care professionals ,Yorkshire,10946,,,,,,,,,,,,,,,,,,
 Nurses,Yorkshire,24758,,,,,,,,,,,,,,,,,,
 Midwives,Yorkshire,5366,,,,,,,,,,,,,,,,,,
Paramedics,Yorkshire,19437,,,,,,,,,,,,,,,,,,
Secondary education teaching professionals,Yorkshire,11763,,,,,,,,,,,,,,,,,,
Primary and nursery education teaching professionals,Yorkshire,24197,,,,,,,,,,,,,,,,,,
Special needs education teaching professionals,Yorkshire,19584,,,,,,,,,,,,,,,,,,
Further education teaching professionals,Yorkshire,2666,,,,,,,,,,,,,,,,,,
Medical practitioners,Yorkshire,37911,,,,,,,,,,,,,,,,,,
Pharmacists,Yorkshire,33059,,,,,,,,,,,,,,,,,,
Dental practitioners,Yorkshire,6251,,,,,,,,,,,,,,,,,,
Veterinary surgeons,Yorkshire,15135,,,,,,,,,,,,,,,,,,
Other health professionals,Yorkshire,22341,,,,,,,,,,,,,,,,,,
Occupational therapists,Yorkshire,62525,,,,,,,,,,,,,,,,,,
Physiotherapists,Yorkshire,3860,,,,,,,,,,,,,,,,,,
Radiographers,Yorkshire,26368,,,,,,,,,,,,,,,,,,
Speech and language therapists,Yorkshire,7139,,,,,,,,,,,,,,,,,,
Managers and directors in construction,Yorkshire,30311,,,,,,,,,,,,,,,,,,
Managers and directors in manufacturing,Yorkshire,20887,,,,,,,,,,,,,,,,,,
Managers and directors in transport and logistics,Yorkshire,64718,,,,,,,,,,,,,,,,,,
Managers and directors in retail,Yorkshire,54914,,,,,,,,,,,,,,,,,,
Caring and personal service occupations.,Yorkshire,27836,,,,,,,,,,,,,,,,,,
Sales and customer service occupations.,Yorkshire,34570,,,,,,,,,,,,,,,,,,
Skilled agricultural and related trades,Yorkshire,4119,,,,,,,,,,,,,,,,,,
Laboratory technicians,Yorkshire,23928,,,,,,,,,,,,,,,,,,
Agricultural and environmental technicians,Yorkshire,5124,,,,,,,,,,,,,,,,,,
"Science, engineering and technology professionals",Yorkshire,3635,,,,,,,,,,,,,,,,,,
Quality control and planning engineers,Yorkshire,2892,,,,,,,,,,,,,,,,,,
"IT business analysts, architects and systems designers",Yorkshire,8353,,,,,,,,,,,,,,,,,,
Social workers,Yorkshire,48195,,,,,,,,,,,,,,,,,,
Youth and community workers,Yorkshire,10551,,,,,,,,,,,,,,,,,,
Probation officers,Yorkshire,148564,,,,,,,,,,,,,,,,,,
Psychologists ,Yorkshire,24075,,,,,,,,,,,,,,,,,,
Counselors,Yorkshire,14793,,,,,,,,,,,,,,,,,,
Speech and language therapist,Yorkshire,6469,,,,,,,,,,,,,,,,,,
Podiatrists,Yorkshire,1915,,,,,,,,,,,,,,,,,,
Doctors,Yorkshire,2076,,,,,,,,,,,,,,,,,,
Manufacturing engineers.,Yorkshire,21094,,,,,,,,,,,,,,,,,,
Quality control and planning engineers,Yorkshire,4705,,,,,,,,,,,,,,,,,,
Electrical engineers,Yorkshire,18856,,,,,,,,,,,,,,,,,,
Mechanical engineers,Yorkshire,17001,,,,,,,,,,,,,,,,,,
Civil engineers,Yorkshire,5026,,,,,,,,,,,,,,,,,,
Surveyors,Yorkshire,81820,,,,,,,,,,,,,,,,,,
Software professionals,Yorkshire,17488,,,,,,,,,,,,,,,,,,
Web and multimedia developers,Yorkshire,17823,,,,,,,,,,,,,,,,,,
Accountants.,Yorkshire,69708,,,,,,,,,,,,,,,,,,
Investment and securities analysts,Yorkshire,8798,,,,,,,,,,,,,,,,,,
nsurance and finance professionals,Yorkshire,40800,,,,,,,,,,,,,,,,,,
Corporate managers and directors,Wales,3453,,,,,,,,,,,,,,,,,,
Managers and directors in retail and wholesale,Wales,26889,,,,,,,,,,,,,,,,,,
Managers and directors in other services,Wales,29384,,,,,,,,,,,,,,,,,,
Managers and directors in public services,Wales,574,,,,,,,,,,,,,,,,,,
Managers and directors of construction and building trades,Wales,20567,,,,,,,,,,,,,,,,,,
Managers and directors in manufacturing,Wales,2039,,,,,,,,,,,,,,,,,,
Managers and directors of hospitality and leisure services,Wales,6421,,,,,,,,,,,,,,,,,,
"Managers and directors in health, education, and social care.",Wales,3098,,,,,,,,,,,,,,,,,,
Managers and directors in hospitality and leisure.,Wales,17029,,,,,,,,,,,,,,,,,,
"Managers and directors in agriculture, forestry, and fishing",Wales,4578,,,,,,,,,,,,,,,,,,
Managers and directors in construction,Wales,7516,,,,,,,,,,,,,,,,,,
Managers and directors in manufacturing,Wales,22387,,,,,,,,,,,,,,,,,,
Financial managers and directors,Wales,4944,,,,,,,,,,,,,,,,,,
Business service and management professionals,Wales,18321,,,,,,,,,,,,,,,,,,
Marketing and sales directors,Wales,21135,,,,,,,,,,,,,,,,,,
Human resources and industrial relations managers,Wales,2941,,,,,,,,,,,,,,,,,,
Advertising and public relations directors,Wales,2683,,,,,,,,,,,,,,,,,,
Policy and planning managers ,Wales,3066,,,,,,,,,,,,,,,,,,
Social services managers and directors,Wales,11295,,,,,,,,,,,,,,,,,,
Education managers and directors,Wales,7899,,,,,,,,,,,,,,,,,,
Health services managers and directors ,Wales,37931,,,,,,,,,,,,,,,,,,
Care services managers and directors,Wales,1316,,,,,,,,,,,,,,,,,,
Managers and directors in other education.,Wales,11503,,,,,,,,,,,,,,,,,,
Business and public service professionals,Wales,47920,,,,,,,,,,,,,,,,,,
Accountants and solicitors,Wales,9392,,,,,,,,,,,,,,,,,,
Health professionals,Wales,8397,,,,,,,,,,,,,,,,,,
Pharmacists ,Wales,13337,,,,,,,,,,,,,,,,,,
Therapists,Wales,11259,,,,,,,,,,,,,,,,,,
Chiropractors and acupuncturists ,Wales,7784,,,,,,,,,,,,,,,,,,
Dental practitioners,Wales,8015,,,,,,,,,,,,,,,,,,
Veterinarians,Wales,9780,,,,,,,,,,,,,,,,,,
Social workers,Wales,998,,,,,,,,,,,,,,,,,,
Psychoanalysts and psychologists,Wales,6049,,,,,,,,,,,,,,,,,,
Other health and care professionals ,Wales,3498,,,,,,,,,,,,,,,,,,
 Nurses,Wales,14452,,,,,,,,,,,,,,,,,,
 Midwives,Wales,2162,,,,,,,,,,,,,,,,,,
Paramedics,Wales,8345,,,,,,,,,,,,,,,,,,
Secondary education teaching professionals,Wales,5587,,,,,,,,,,,,,,,,,,
Primary and nursery education teaching professionals,Wales,15709,,,,,,,,,,,,,,,,,,
Special needs education teaching professionals,Wales,6808,,,,,,,,,,,,,,,,,,
Further education teaching professionals,Wales,891,,,,,,,,,,,,,,,,,,
Medical practitioners,Wales,17967,,,,,,,,,,,,,,,,,,
Pharmacists,Wales,13419,,,,,,,,,,,,,,,,,,
Dental practitioners,Wales,2037,,,,,,,,,,,,,,,,,,
Veterinary surgeons,Wales,6104,,,,,,,,,,,,,,,,,,
Other health professionals,Wales,12244,,,,,,,,,,,,,,,,,,
Occupational therapists,Wales,23957,,,,,,,,,,,,,,,,,,
Physiotherapists,Wales,2741,,,,,,,,,,,,,,,,,,
Radiographers,Wales,14041,,,,,,,,,,,,,,,,,,
Speech and language therapists,Wales,4744,,,,,,,,,,,,,,,,,,
Managers and directors in construction,Wales,16205,,,,,,,,,,,,,,,,,,
Managers and directors in manufacturing,Wales,10683,,,,,,,,,,,,,,,,,,
Managers and directors in transport and logistics,Wales,31916,,,,,,,,,,,,,,,,,,
Managers and directors in retail,Wales,25813,,,,,,,,,,,,,,,,,,
Caring and personal service occupations.,Wales,13044,,,,,,,,,,,,,,,,,,
Sales and customer service occupations.,Wales,19069,,,,,,,,,,,,,,,,,,
Skilled agricultural and related trades,Wales,2227,,,,,,,,,,,,,,,,,,
Laboratory technicians,Wales,11934,,,,,,,,,,,,,,,,,,
Agricultural and environmental technicians,Wales,3285,,,,,,,,,,,,,,,,,,
"Science, engineering and technology professionals",Wales,1756,,,,,,,,,,,,,,,,,,
Quality control and planning engineers,Wales,1074,,,,,,,,,,,,,,,,,,
"IT business analysts, architects and systems designers",Wales,3686,,,,,,,,,,,,,,,,,,
Social workers,Wales,31611,,,,,,,,,,,,,,,,,,
Youth and community workers,Wales,3800,,,,,,,,,,,,,,,,,,
Probation officers,Wales,88354,,,,,,,,,,,,,,,,,,
Psychologists ,Wales,12736,,,,,,,,,,,,,,,,,,
Counselors,Wales,6369,,,,,,,,,,,,,,,,,,
Speech and language therapist,Wales,2647,,,,,,,,,,,,,,,,,,
Podiatrists,Wales,803,,,,,,,,,,,,,,,,,,
Doctors,Wales,1690,,,,,,,,,,,,,,,,,,
Manufacturing engineers.,Wales,16677,,,,,,,,,,,,,,,,,,
Quality control and planning engineers,Wales,3191,,,,,,,,,,,,,,,,,,
Electrical engineers,Wales,11549,,,,,,,,,,,,,,,,,,
Mechanical engineers,Wales,10048,,,,,,,,,,,,,,,,,,
Civil engineers,Wales,3539,,,,,,,,,,,,,,,,,,
Surveyors,Wales,44582,,,,,,,,,,,,,,,,,,
Software professionals,Wales,10254,,,,,,,,,,,,,,,,,,
Web and multimedia developers,Wales,15649,,,,,,,,,,,,,,,,,,
Accountants.,Wales,35886,,,,,,,,,,,,,,,,,,
Investment and securities analysts,Wales,3761,,,,,,,,,,,,,,,,,,
nsurance and finance professionals,Wales,20147,,,,,,,,,,,,,,,,,,
